{"stats":{"minecraft:picked_up":{"minecraft:iron_ingot":2,"minecraft:rotten_flesh":2},"minecraft:used":{"minecraft:spruce_leaves":1,"minecraft:zombie_spawn_egg":1},"minecraft:killed":{"minecraft:zombie":1},"minecraft:custom":{"minecraft:jump":42,"minecraft:time_since_rest":13066,"minecraft:damage_dealt":295,"minecraft:play_time":13066,"minecraft:leave_game":5,"minecraft:sprint_one_cm":1324,"minecraft:damage_taken":20,"minecraft:time_since_death":13066,"minecraft:walk_one_cm":6721,"minecraft:sneak_time":6,"minecraft:total_world_time":13066,"minecraft:mob_kills":1,"minecraft:fall_one_cm":824,"minecraft:fly_one_cm":652}},"DataVersion":3465}